O13525,COQ4
P00044,CYC1
P00045,CYC7
P00127,QCR6
P00128,QCR7
P00175,CYB2
P00330,ADH1
P00331,ADH2
P00358,TDH2
P00359,TDH3
P00360,TDH1
P00425,COX5B
P00427,COX6
P00431,CCP1
P00498,HIS1
P00549,CDC19
P00560,PGK1
P00572,CDC8
P00635,PHO5
P00724,SUC2
P00812,CAR1
P00815,HIS4
P00817,IPP1
P00830,ATP2
P00890,CIT1
P00899,TRP2
P00912,TRP1
P00924,ENO1
P00925,ENO2
P00927,ILV1
P00931,TRP5
P00937,TRP3
P00942,TPI1
P00950,GPM1
P00958,MES1
P03962,URA3
P03965,CPA2
P04037,COX4
P04039,COX8
P04046,ADE4
P04076,ARG4
P04161,ADE8
P04173,LEU2
P04385,GAL1
P04397,GAL10
P04801,THS1
P04802,DPS1
P04803,MSW1
P04806,HXK1
P04807,HXK2
P05030,PMA1
P05150,ARG3
P05373,HEM2
P05374,CHO2
P05375,OPI3
P05626,ATP4
P05694,MET6
P06106,MET17
P06115,CTT1
P06168,ILV5
P06169,PDC1
P06174,HEM4
P06197,PIS1
P06208,LEU4
P06633,HIS3
P06700,SIR2
P06738,GPH1
P06773,DCD1
P06776,PDE2
P06785,CDC21
P07143,CYT1
P07149,FAS1
P07170,ADK1
P07172,HIS5
P07236,MST1
P07244,ADE5,7
P07245,ADE3
P07246,ADH3
P07250,ARG82
P07251,ATP1
P07255,COX9
P07256,COR1
P07257,QCR2
P07258,CPA1
P07259,URA2
P07262,GDH1
P07263,HTS1
P07264,LEU1
P07275,PUT2
P07277,ERG12
P07283,SEC53
P07284,SES1
P07285,TRP4
P07342,ILV2
P07702,LYS2
P07806,VAS1
P07807,DFR1
P07991,CAR2
P08004,CHS1
P08019,SGA1
P08067,RIP1
P08417,FUM1
P08425,MSF1
P08431,GAL7
P08432,SPE1
P08456,CHO1
P08465,MET2
P08524,ERG20
P08525,QCR8
P08536,MET3
P08566,ARO1
P08678,CYR1
P08679,CIT2
P09201,FBP1
P09368,PUT1
P09436,ILS1
P09440,MIS1
P09457,ATP5
P09624,LPD1
P09938,RNR2
P09950,HEM1
P0CW40,IMA3
P0CW41,IMA4
P0CX77,ASP3-2
P0CX78,ASP3-3
P0CX79,ASP3-4
P0CZ17,ASP3-1
P10127,ADH4
P10174,COX7
P10356,YER152C
P10614,ERG11
P10659,SAM1
P10869,HOM3
P10963,PCK1
P11154,PYC1
P11325,NAM2
P11353,HEM13
P11412,ZWF1
P11491,PHO8
P11986,INO1
P12683,HMG1
P12684,HMG2
P12695,LAT1
P12709,PGI1
P13188,GLN4
P13259,PCT1
P13298,URA5
P13663,HOM2
P13711,POX1
P14020,DPM1
P14065,GCY1
P14180,CHS2
P14540,FBA1
P14742,GFA1
P14843,ARO3
P15019,TAL1
P15179,MSD1
P15180,KRS1
P15202,CTA1
P15274,AMD1
P15454,GUK1
P15496,IDI1
P15624,FRS1
P15625,FRS2
P15700,URA6
P15703,BGL2
P15807,MET8
P16120,THR4
P16140,VMA2
P16387,PDA1
P16451,PDX1
P16467,PDC5
P16550,APA1
P16603,NCP1
P16622,HEM15
P16661,ALG1
P16861,PFK1
P16862,PFK2
P17255,VMA1
P17423,THR1
P17505,MDH1
P17649,UGA1
P17695,GRX2
P17709,GLK1
P17898,CPT1
P18408,MET16
P18544,ARG8
P18562,FUR1
P18900,COQ1
P19097,FAS2
P19262,KGD2
P19358,SAM2
P19414,ACO1
P19657,PMA2
P20048,SEC59
P20049,TYR1
P20051,URA4
P20485,CKI1
P20967,KGD1
P21147,OLE1
P21182,SPE2
P21264,ADE2
P21306,ATP15
P21373,UTR1
P21524,RNR1
P21592,COX10
P21595,DIT2
P21623,DIT1
P21672,RNR3
P21801,SDH2
P21826,DAL7
P21954,IDP1
P22007,RAM1
P22108,APA2
P22133,MDH2
P22140,EPT1
P22203,VMA4
P22217,TRX1
P22219,VPS15
P22289,QCR9
P22434,PDE1
P22438,MSM1
P22543,VPS34
P22768,ARG1
P22803,TRX2
P23254,TKL1
P23337,GSY1
P23501,YSR3
P23542,AAT2
P23776,EXG1
P23797,GPI12
P23968,VMA16
P24031,PHO3
P24521,ERG8
P25045,LCB1
P25087,ERG6
P25332,RBK1
P25335,DAL2
P25340,ERG4
P25345,SLM5
P25358,ELO2
P25372,TRX3
P25373,GRX1
P25377,ADH7
P25379,CHA1
P25515,VMA3
P25578,PGS1
P25580,PBN1
P25605,ILV6
P25628,ARE1
P26263,PDC6
P26364,ADK2
P26637,CDC60
P26725,YUR1
P27472,GSY2
P27515,URK1
P27616,ADE1
P27680,COQ3
P27697,COQ8
P27796,POT1
P27809,KRE2
P27810,KTR1
P28239,PPA2
P28240,ICL1
P28241,IDH2
P28272,URA1
P28274,URA7
P28321,YJU3
P28496,LAC1
P28777,ARO2
P28789,HEM3
P28834,IDH1
P29465,CHS3
P29509,TRR1
P29703,RAM2
P29704,ERG9
P29952,PMI40
P30402,URA10
P30624,FAA1
P30777,GPI10
P30902,ATP7
P30952,MLS1
P31115,DEG1
P31116,HOM6
P31373,CYS3
P31382,PMT2
P31412,VMA5
P31688,TPS2
P32048,MSK1
P32178,ARO7
P32179,MET22
P32190,GUT1
P32191,GUT2
P32263,PRO3
P32264,PRO1
P32288,GLN1
P32316,ACH1
P32327,PYC2
P32340,NDI1
P32347,HEM12
P32352,ERG2
P32353,ERG3
P32356,NTH1
P32366,VMA6
P32368,SAC1
P32375,DAL1
P32377,MVD1
P32378,COQ2
P32383,PLC1
P32419,MDH3
P32449,ARO4
P32451,BIO2
P32452,PHA2
P32459,DAL3
P32462,ERG24
P32463,ACP1
P32469,DPH5
P32473,PDB1
P32476,ERG1
P32477,GSH1
P32528,DUR1,2
P32563,VPH1
P32567,PAH1
P32573,SPS19
P32582,CYS4
P32603,SPR1
P32604,FBP26
P32610,VMA8
P32614,FRD1
P32621,GDA1
P32622,YEF1
P32626,UTR4
P32642,GRX4
P32643,TMT1
P32771,SFA1
P32784,SCT1
P32785,FMT1
P32796,CAT2
P32799,COX13
P32842,VMA11
P32861,UGP1
P32874,HFA1
P32891,DLD1
P32895,PRS1
P32903,PMP1
P33300,SUR1
P33312,RIB7
P33315,TKL2
P33317,DUT1
P33327,GDH2
P33330,SER1
P33333,SLC1
P33401,PGM1
P33412,ECT1
P33421,SDH3
P33550,KTR2
P33734,HIS7
P33775,PMT1
P34163,TGL1
P34227,PRX1
P34756,FAB1
P35196,RER2
P35202,THI80
P35206,CSG2
P35497,SOR1
P35731,OAR1
P35842,PHO11
P36001,RMA1
P36010,YNK1
P36013,MAE1
P36014,GPX1
P36051,MCD4
P36107,AUR1
P36126,SPO14
P36136,SHB17
P36143,GLG1
P36148,GPT2
P36150,MET1
P36165,TGL4
P36421,TYS1
P37012,PGM2
P37254,ABZ1
P37291,SHM2
P37292,SHM1
P37296,STV1
P37297,STT4
P37298,SDH4
P37299,QCR10
P37303,GLY1
P38009,ADE17
P38013,AHP1
P38063,PRS4
P38066,RIB1
P38067,UGA2
P38071,ETR1
P38074,HMT1
P38075,PDX3
P38077,ATP3
P38088,GRS1
P38113,ADH5
P38115,ARA1
P38122,ECM31
P38130,KTR3
P38131,KTR4
P38139,LDH1
P38143,GPX2
P38145,RIB5
P38158,MAL32
P38169,BNA4
P38211,GPI18
P38221,CDS1
P38226,CST26
P38286,IFA38
P38287,CSH1
P38298,YPC1
P38342,TSC10
P38426,TPS3
P38427,TSL1
P38604,ERG7
P38620,PRS2
P38625,GUA1
P38627,URA8
P38628,PCM1
P38631,FKS1
P38635,HIS2
P38689,PRS3
P38697,IMD2
P38703,LAG1
P38705,DIA4
P38707,DED81
P38708,YHR020W
P38710,INM1
P38714,MSR1
P38715,GRE3
P38720,GND1
P38787,PAN5
P38790,HTD2
P38791,DYS1
P38795,QNS1
P38812,GEP4
P38816,TRR2
P38840,ARO9
P38858,SOL3
P38891,BAT1
P38913,FAD1
P38954,IPT1
P38972,ADE6
P38986,ASP1
P38992,SUR2
P38994,MSS4
P38998,LYS1
P38999,LYS9
P39002,FAA3
P39006,PSD1
P39104,PIK1
P39105,PLB1
P39111,VMA7
P39518,FAA2
P39522,ILV3
P39525,CEM1
P39540,ELO1
P39683,NPT1
P39692,MET10
P39708,GDH3
P39714,BDH1
P39726,GCV3
P39954,SAH1
P39976,DLD3
P39988,BUD16
P40009,YND1
P40012,HEM14
P40015,ISC1
P40017,YAT2
P40047,ALD5
P40054,SER3
P40099,FAU1
P40106,GPP2
P40215,NDE1
P40308,TGL3
P40319,ELO3
P40345,LRO1
P40353,ATF1
P40360,ARG2
P40363,YJL068C
P40433,PFK26
P40459,PAN6
P40471,AYR1
P40495,LYS12
P40506,CAB2
P40510,SER33
P40545,HIS6
P40553,DOT5
P40559,INP51
P40581,HYR1
P40825,ALA1
P40857,PHS1
P40884,IMA5
P40970,LCB2
P40975,PMP2
P40989,GSC2
P41277,GPP1
P41338,ERG10
P41734,IAH1
P41735,CAT5
P41807,VMA13
P41835,THI6
P41903,TES1
P41911,GPD2
P41921,GLR1
P41939,IDP2
P41940,PSA1
P42826,XKS1
P42837,FIG4
P42941,SER2
P42951,LSB6
P43123,QRI1
P43550,DAK2
P43567,AGX1
P43577,GNA1
P43619,BNA6
P43635,CIT3
P46151,MET12
P46367,ALD4
P46655,GUS1
P46681,DLD2
P46969,RPE1
P46971,PMT4
P47011,GLG2
P47013,LCB3
P47026,GWT1
P47039,BNA3
P47052,YJL045W
P47088,GPI14
P47096,BNA1
P47125,BNA2
P47143,ADO1
P47147,YMR1
P47164,STR2
P47165,XPT1
P47169,MET5
P47176,BAT2
P47180,PGU1
P47190,PMT3
P47771,ALD2
P47912,FAA4
P48015,GCV1
P48016,ATH1
P48360,ARH1
P48445,BPL1
P48525,MSE1
P48526,ISM1
P48527,MSY1
P48567,PUS4
P48570,LYS20
P48836,VMA10
P49017,COQ5
P49089,ASN1
P49090,ASN2
P49095,GCV2
P49367,LYS4
P49435,APT1
P49723,RNR4
P49775,HNT2
P50094,IMD4
P50095,IMD3
P50107,GLO1
P50113,LYS5
P50264,FMS1
P50277,BIO3
P50861,RIB4
P50942,INP52
P51601,FOL2
P52489,PYK2
P52867,PMT5
P52893,ALT1
P52910,ACS2
P52911,EXG2
P53037,PSD2
P53045,ERG25
P53051,IMA1
P53090,ARO8
P53101,STR3
P53128,MET13
P53164,NPY1
P53167,PUS2
P53184,PNC1
P53199,ERG26
P53204,NMA2
P53264,CLD1
P53296,ATF2
P53312,LSC2
P53314,CPD1
P53315,SOL4
P53318,COQ6
P53319,GND2
P53332,CAB4
P53341,MAL12
P53598,LSC1
P53629,ARE2
P53630,BIO4
P53685,HST1
P53686,HST2
P53687,HST3
P53688,HST4
P53753,DSE4
P53848,FOL1
P53852,YNL247W
P53909,AAH1
P53915,NRK1
P53966,KTR5
P53982,IDP3
P54070,KTR6
P54113,ADE16
P54114,ALD3
P54115,ALD6
P54781,ERG5
P54783,ALO1
P54838,DAK1
P54839,ERG13
P54857,TGL2
P54885,PRO2
P80210,ADE12
P80235,YAT1
P81449,TIM11
P81450,ATP18
Q00055,GPD1
Q00711,SDH1
Q00764,TPS1
Q00955,ACC1
Q01217,ARG5,6
Q01519,COX12
Q01574,ACS1
Q01802,AAT1
Q02046,MTD1
Q02196,MET14
Q02207,FOX2
Q02784,GRX5
Q02896,YDC1
Q02979,GDE1
Q03175,SRT1
Q03262,PRM15
Q03266,ABZ2
Q03529,SCS7
Q03557,HER2
Q03579,LIP1
Q03674,PLB2
Q03677,ADI1
Q03764,EKI1
Q03778,FMN1
Q03835,GRX3
Q03941,CAB5
Q04066,BNA7
Q04120,TSA2
Q04178,HPT1
Q04179,URH1
Q04212,ARA2
Q04396,LPP1
Q04430,CAB1
Q04728,ARG7
Q04792,GAD1
Q04894,ADH6
Q04958,NTE1
Q05016,YMR226C
Q05506,YDR341C
Q05521,DPP1
Q05533,INM2
Q05567,DPL1
Q05584,GLO2
Q05779,COQ9
Q05788,PNP1
Q05871,ECI1
Q05874,NNT1
Q05902,ECM38
Q05911,ADE13
Q05979,BNA5
Q06147,LCB5
Q06178,NMA1
Q06321,ATG26
Q06346,KEI1
Q06389,FRQ1
Q06405,ATP17
Q06408,ARO10
Q06490,THI22
Q06510,TAZ1
Q06549,CDD1
Q06625,GDB1
Q06636,GPI11
Q06667,IPK1
Q06685,VIP1
Q06702,CDA1
Q06703,CDA2
Q06708,VAC14
Q06817,GRS2
Q06892,POS5
Q07471,THI3
Q07500,NDE2
Q07560,CRD1
Q07729,GUD1
Q07804,YEH1
Q07830,GPI13
Q07923,LOT6
Q07938,MEU1
Q07950,YEH2
Q07993,XYL2
Q08108,PLB3
Q08220,GSH2
Q08224,THI20
Q08227,INP54
Q08548,ALE1
Q08558,DCI1
Q08645,MET7
Q08650,DGA1
Q08911,FDH1
Q08959,PGC1
Q08975,THI21
Q08985,SAM4
Q10740,LAP2
Q12031,ICL2
Q12036,PPT2
Q12043,TGL5
Q12051,BTS1
Q12068,GRE2
Q12074,SPE3
Q12109,WRS1
Q12122,LYS21
Q12154,GET3
Q12165,ATP16
Q12166,LEU9
Q12178,FCY1
Q12184,YAH1
Q12189,RKI1
Q12211,PUS1
Q12233,ATP20
Q12246,LCB4
Q12265,PRS5
Q12271,INP53
Q12283,MCT1
Q12320,GLO4
Q12349,ATP14
Q12358,JLP1
Q12362,RIB2
Q12382,DGK1
Q12428,PDH1
Q12452,ERG27
Q12455,SPE4
Q12458,YPR1
Q12471,PFK27
Q12494,KCS1
Q12525,MHT1
Q12676,FOL3
Q12680,GLT1
Q3E790,TSC3
Q99190,TSC13
Q99258,RIB3
Q99312,ISN1
Q99321,DDP1
P61829,OLI1
P00854,ATP6
P00856,ATP8
P81451,ATP19
P00401,COX1
P00410,COX2
P00420,COX3
P00163,COB
