,Topt,Topt_std,Length,Tm,Tm_std,T90,dCpt,dCpt_std
O13525,310.15,13,335,324.62535073026174,5.9124698242211124,,-6300,2000
P00044,314.15,13,109,321.81778020999997,3.4,324.65,-6300,2000
P00045,317.15,13,113,324.62535073026174,5.9124698242211124,,-6300,2000
P00127,317.15,13,147,324.62535073026174,5.9124698242211124,,-6300,2000
P00128,309.15,13,127,324.62535073026174,5.9124698242211124,,-6300,2000
P00175,307.15,13,591,324.62535073026174,5.9124698242211124,,-6300,2000
P00330,314.15,13,348,314.46786311999995,3.4,315.15,-6300,2000
P00331,313.15,13,348,324.62535073026174,5.9124698242211124,,-6300,2000
P00358,311.15,13,332,324.62535073026174,5.9124698242211124,,-6300,2000
P00359,311.15,13,332,333.64051524999996,3.4,336.83,-6300,2000
P00360,313.15,13,332,325.61200472999997,3.4,327.15,-6300,2000
P00425,313.15,13,151,324.62535073026174,5.9124698242211124,,-6300,2000
P00427,311.15,13,148,327.56641673999997,3.4,332.04999999999995,-6300,2000
P00431,317.15,13,361,324.62535073026174,5.9124698242211124,,-6300,2000
P00498,306.15,13,297,328.36035697,3.4,329.75,-6300,2000
P00549,307.15,13,500,322.8332898,3.4,324.47499999999997,-6300,2000
P00560,306.15,13,416,322.87077895,3.4,323.97727273,-6300,2000
P00572,306.15,13,216,324.62535073026174,5.9124698242211124,,-6300,2000
P00635,316.15,13,467,324.62535073026174,5.9124698242211124,,-6300,2000
P00724,320.15,13,532,324.62535073026174,5.9124698242211124,,-6300,2000
P00812,309.15,13,333,325.83782228999996,3.4,327.54999999999995,-6300,2000
P00815,305.15,13,799,321.83105247,3.4,324.125,-6300,2000
P00817,315.15,13,287,329.77489878999995,3.4,332.45909091,-6300,2000
P00830,307.15,13,511,326.38386448999995,3.4,327.75,-6300,2000
P00890,309.15,13,479,322.98334586,3.4,333.15,-6300,2000
P00899,309.15,13,507,321.35798773,3.4,330.75,-6300,2000
P00912,308.15,13,224,324.62535073026174,5.9124698242211124,,-6300,2000
P00924,307.15,13,437,327.07996212,3.4,330.31666666999996,-6300,2000
P00925,307.15,13,437,322.12488043999997,3.4,324.80333333,-6300,2000
P00927,306.15,13,576,313.36979197,3.4,315.34999999999997,-6300,2000
P00931,307.15,13,707,339.08071534,3.4,342.22999999999996,-6300,2000
P00937,306.15,13,484,314.75153372,3.4,316.75,-6300,2000
P00942,306.15,13,248,334.94279358999995,3.4,336.65,-6300,2000
P00950,308.15,13,247,324.2242751,3.4,325.34999999999997,-6300,2000
P00958,311.15,13,751,318.99273844,3.4,320.75,-6300,2000
P03962,308.15,13,267,324.62535073026174,5.9124698242211124,,-6300,2000
P03965,308.15,13,1118,321.00692403,3.4,322.95,-6300,2000
P04037,308.15,13,155,324.62535073026174,5.9124698242211124,,-6300,2000
P04039,314.15,13,78,324.62535073026174,5.9124698242211124,,-6300,2000
P04046,310.15,13,510,324.62535073026174,5.9124698242211124,,-6300,2000
P04076,307.15,13,463,322.86070385,3.4,325.71666667,-6300,2000
P04161,308.15,13,214,329.40794759,3.4,333.15,-6300,2000
P04173,304.15,13,364,324.62535073026174,5.9124698242211124,,-6300,2000
P04385,307.15,13,528,324.62535073026174,5.9124698242211124,,-6300,2000
P04397,312.15,13,699,324.62535073026174,5.9124698242211124,,-6300,2000
P04801,307.15,13,734,322.37729349999995,3.4,326.23571429,-6300,2000
P04802,306.15,13,557,319.34682291999997,3.4,321.42999999999995,-6300,2000
P04803,305.15,13,379,324.62535073026174,5.9124698242211124,,-6300,2000
P04806,306.15,13,485,324.62535073026174,5.9124698242211124,,-6300,2000
P04807,308.15,13,486,316.19484910999995,3.4,317.25,-6300,2000
P05030,306.15,13,918,318.84084246,3.4,321.21666667,-6300,2000
P05150,307.15,13,338,338.15479192,3.4,340.65,-6300,2000
P05373,308.15,13,342,326.39931026,3.4,329.34999999999997,-6300,2000
P05374,310.15,13,869,324.62535073026174,5.9124698242211124,,-6300,2000
P05375,309.15,13,206,324.62535073026174,5.9124698242211124,,-6300,2000
P05626,305.15,13,244,324.62535073026174,5.9124698242211124,,-6300,2000
P05694,308.15,13,767,340.85790703,3.4,344.34999999999997,-6300,2000
P06106,310.15,13,444,324.62535073026174,5.9124698242211124,,-6300,2000
P06115,312.15,13,562,324.76544515999996,3.4,329.34999999999997,-6300,2000
P06168,311.15,13,395,320.25179181,3.4,321.95,-6300,2000
P06169,301.15,13,563,324.63452523999996,3.4,334.75,-6300,2000
P06174,308.15,13,275,324.62535073026174,5.9124698242211124,,-6300,2000
P06197,295.15,13,220,324.62535073026174,5.9124698242211124,,-6300,2000
P06208,308.15,13,619,324.62535073026174,5.9124698242211124,,-6300,2000
P06633,307.15,13,220,324.62535073026174,5.9124698242211124,,-6300,2000
P06700,310.15,13,562,324.62535073026174,5.9124698242211124,,-6300,2000
P06738,309.15,13,902,322.99737546,3.4,324.25,-6300,2000
P06773,306.15,13,312,324.62535073026174,5.9124698242211124,,-6300,2000
P06776,306.15,13,526,329.36263887999996,3.4,329.75,-6300,2000
P06785,309.15,13,304,328.86297027999996,3.4,333.15,-6300,2000
P07143,311.15,13,309,324.62535073026174,5.9124698242211124,,-6300,2000
P07149,306.15,13,2051,319.27870046,3.4,321.09444443999996,-6300,2000
P07170,306.15,13,222,315.04117799999995,3.4,318.75,-6300,2000
P07172,311.15,13,385,324.62535073026174,5.9124698242211124,,-6300,2000
P07236,308.15,13,462,324.62535073026174,5.9124698242211124,,-6300,2000
P07244,308.15,13,802,325.46313827,3.4,329.75,-6300,2000
P07245,305.15,13,946,319.2276551,3.4,323.21666667,-6300,2000
P07246,309.15,13,375,334.78048456,3.4,337.34999999999997,-6300,2000
P07250,316.15,13,355,324.62535073026174,5.9124698242211124,,-6300,2000
P07251,305.15,13,545,316.94550924,3.4,332.25,-6300,2000
P07255,316.15,13,59,324.62535073026174,5.9124698242211124,,-6300,2000
P07256,308.15,13,457,331.09036127999997,3.4,332.54999999999995,-6300,2000
P07257,312.15,13,368,324.62535073026174,5.9124698242211124,,-6300,2000
P07258,311.15,13,411,324.62535073026174,5.9124698242211124,,-6300,2000
P07259,306.15,13,2214,321.3372693,3.4,323.15,-6300,2000
P07262,311.15,13,454,339.17799439,3.4,343.08333332999996,-6300,2000
P07263,306.15,13,546,324.62535073026174,5.9124698242211124,,-6300,2000
P07264,306.15,13,779,324.62535073026174,5.9124698242211124,,-6300,2000
P07275,311.15,13,575,327.02170796999997,3.4,328.65,-6300,2000
P07277,307.15,13,443,332.69602146,3.4,337.75,-6300,2000
P07283,309.15,13,254,336.95426735999996,3.4,341.15,-6300,2000
P07284,311.15,13,462,317.43443862,3.4,319.04999999999995,-6300,2000
P07285,307.15,13,380,324.62535073026174,5.9124698242211124,,-6300,2000
P07342,305.15,13,687,324.62535073026174,5.9124698242211124,,-6300,2000
P07702,307.15,13,1392,325.24291433999997,3.4,326.42999999999995,-6300,2000
P07806,306.15,13,1104,319.25816879999996,3.4,320.65,-6300,2000
P07807,307.15,13,211,324.62535073026174,5.9124698242211124,,-6300,2000
P07991,305.15,13,424,315.56237281999995,3.4,317.75,-6300,2000
P08004,308.15,13,1131,324.62535073026174,5.9124698242211124,,-6300,2000
P08019,314.15,13,549,324.62535073026174,5.9124698242211124,,-6300,2000
P08067,307.15,13,215,324.62535073026174,5.9124698242211124,,-6300,2000
P08417,307.15,13,488,324.62535073026174,5.9124698242211124,,-6300,2000
P08425,307.15,13,469,324.62535073026174,5.9124698242211124,,-6300,2000
P08431,309.15,13,366,324.62535073026174,5.9124698242211124,,-6300,2000
P08432,309.15,13,466,324.62535073026174,5.9124698242211124,,-6300,2000
P08456,308.15,13,276,324.62535073026174,5.9124698242211124,,-6300,2000
P08465,307.15,13,486,324.62535073026174,5.9124698242211124,,-6300,2000
P08524,309.15,13,352,319.38275308,3.4,320.15,-6300,2000
P08525,315.15,13,94,324.62535073026174,5.9124698242211124,,-6300,2000
P08536,307.15,13,511,324.62535073026174,5.9124698242211124,,-6300,2000
P08566,305.15,13,1588,328.29867959,3.4,329.34999999999997,-6300,2000
P08678,307.15,13,2026,324.62535073026174,5.9124698242211124,,-6300,2000
P08679,311.15,13,460,324.62535073026174,5.9124698242211124,,-6300,2000
P09201,308.15,13,348,324.62535073026174,5.9124698242211124,,-6300,2000
P09368,307.15,13,476,324.62535073026174,5.9124698242211124,,-6300,2000
P09436,312.15,13,1072,322.46288935999996,3.4,323.95,-6300,2000
P09440,306.15,13,975,320.24463650999996,3.4,322.54999999999995,-6300,2000
P09457,307.15,13,212,323.86293308999996,3.4,326.45,-6300,2000
P09624,306.15,13,499,324.62535073026174,5.9124698242211124,,-6300,2000
P09938,308.15,13,399,329.46151929999996,3.4,333.15,-6300,2000
P09950,307.15,13,548,316.30063027999995,3.4,318.15,-6300,2000
P0CW40,315.15,13,589,324.62535073026174,5.9124698242211124,,-6300,2000
P0CW41,315.15,13,589,324.62535073026174,5.9124698242211124,,-6300,2000
P0CX77,313.15,13,362,324.62535073026174,5.9124698242211124,,-6300,2000
P0CX78,313.15,13,362,324.62535073026174,5.9124698242211124,,-6300,2000
P0CX79,313.15,13,362,324.62535073026174,5.9124698242211124,,-6300,2000
P0CZ17,313.15,13,362,324.62535073026174,5.9124698242211124,,-6300,2000
P10127,311.15,13,382,323.53441145,3.4,324.54999999999995,-6300,2000
P10174,314.15,13,60,324.62535073026174,5.9124698242211124,,-6300,2000
P10356,309.15,13,443,324.19311894,3.4,326.34999999999997,-6300,2000
P10614,308.15,13,530,324.62535073026174,5.9124698242211124,,-6300,2000
P10659,310.15,13,382,324.62535073026174,5.9124698242211124,,-6300,2000
P10869,306.15,13,527,324.62535073026174,5.9124698242211124,,-6300,2000
P10963,309.15,13,549,324.62535073026174,5.9124698242211124,,-6300,2000
P11154,306.15,13,1178,321.95379024,3.4,323.15,-6300,2000
P11325,306.15,13,894,324.62535073026174,5.9124698242211124,,-6300,2000
P11353,311.15,13,328,326.59208667999997,3.4,328.75,-6300,2000
P11412,311.15,13,505,320.40446227999996,3.4,322.28333333,-6300,2000
P11491,306.15,13,566,341.7922073,3.4,344.34999999999997,-6300,2000
P11986,310.15,13,533,324.24412874999996,3.4,326.84999999999997,-6300,2000
P12683,305.15,13,1054,324.62535073026174,5.9124698242211124,,-6300,2000
P12684,306.15,13,1045,324.62535073026174,5.9124698242211124,,-6300,2000
P12695,308.15,13,482,327.08800127999996,3.4,328.4,-6300,2000
P12709,309.15,13,554,327.45944535999996,3.4,330.25,-6300,2000
P13188,310.15,13,809,316.41384191,3.4,317.95,-6300,2000
P13259,311.15,13,424,324.62535073026174,5.9124698242211124,,-6300,2000
P13298,310.15,13,226,316.52407060999997,3.4,323.75,-6300,2000
P13663,305.15,13,365,318.07920593,3.4,322.75,-6300,2000
P13711,310.15,13,748,324.62535073026174,5.9124698242211124,,-6300,2000
P14020,307.15,13,267,327.25326535,3.4,328.84999999999997,-6300,2000
P14065,308.15,13,312,330.73661289999995,3.4,332.54999999999995,-6300,2000
P14180,305.15,13,963,324.62535073026174,5.9124698242211124,,-6300,2000
P14540,309.15,13,359,315.92918131,3.4,318.87,-6300,2000
P14742,304.15,13,717,324.62535073026174,5.9124698242211124,,-6300,2000
P14843,306.15,13,370,324.62535073026174,5.9124698242211124,,-6300,2000
P15019,307.15,13,335,319.95922851,3.4,321.95,-6300,2000
P15179,306.15,13,658,324.62535073026174,5.9124698242211124,,-6300,2000
P15180,308.15,13,591,315.64242416999997,3.4,317.59999999999997,-6300,2000
P15202,312.15,13,515,324.62535073026174,5.9124698242211124,,-6300,2000
P15274,311.15,13,810,324.62535073026174,5.9124698242211124,,-6300,2000
P15454,311.15,13,187,324.62535073026174,5.9124698242211124,,-6300,2000
P15496,309.15,13,288,324.62535073026174,5.9124698242211124,,-6300,2000
P15624,307.15,13,595,325.87330933,3.4,327.42999999999995,-6300,2000
P15625,307.15,13,503,325.45637471,3.4,327.15,-6300,2000
P15700,306.15,13,204,324.62535073026174,5.9124698242211124,,-6300,2000
P15703,318.15,13,313,332.87711530999997,3.4,335.95,-6300,2000
P15807,309.15,13,274,324.62535073026174,5.9124698242211124,,-6300,2000
P16120,308.15,13,514,330.03165832999997,3.4,332.30999999999995,-6300,2000
P16140,308.15,13,517,322.3182179,3.4,325.34999999999997,-6300,2000
P16387,309.15,13,420,324.62535073026174,5.9124698242211124,,-6300,2000
P16451,308.15,13,410,318.44339431,3.4,323.95,-6300,2000
P16467,301.15,13,563,324.62535073026174,5.9124698242211124,,-6300,2000
P16550,309.15,13,321,315.60791671,3.4,317.95,-6300,2000
P16603,312.15,13,691,325.88839215999997,3.4,326.54999999999995,-6300,2000
P16622,309.15,13,393,324.62535073026174,5.9124698242211124,,-6300,2000
P16661,308.15,13,449,324.62535073026174,5.9124698242211124,,-6300,2000
P16861,305.15,13,987,326.40635505999995,3.4,335.95,-6300,2000
P16862,308.15,13,959,324.62535073026174,5.9124698242211124,,-6300,2000
P17255,308.15,13,1071,323.13862036999996,3.4,325.89285714,-6300,2000
P17423,305.15,13,357,324.62535073026174,5.9124698242211124,,-6300,2000
P17505,305.15,13,334,324.53383087,3.4,325.61666667,-6300,2000
P17649,312.15,13,471,317.31320160999996,3.4,318.95,-6300,2000
P17695,307.15,13,143,316.45360209,3.4,319.54999999999995,-6300,2000
P17709,305.15,13,500,324.62535073026174,5.9124698242211124,,-6300,2000
P17898,310.15,13,393,324.62535073026174,5.9124698242211124,,-6300,2000
P18408,309.15,13,261,324.62535073026174,5.9124698242211124,,-6300,2000
P18544,306.15,13,423,324.62535073026174,5.9124698242211124,,-6300,2000
P18562,308.15,13,216,324.62535073026174,5.9124698242211124,,-6300,2000
P18900,305.15,13,473,324.62535073026174,5.9124698242211124,,-6300,2000
P19097,306.15,13,1887,322.48491512,3.4,323.44333333,-6300,2000
P19262,309.15,13,463,328.25664744,3.4,331.95,-6300,2000
P19358,310.15,13,384,324.62535073026174,5.9124698242211124,,-6300,2000
P19414,307.15,13,778,323.55737394,3.4,324.30999999999995,-6300,2000
P19657,305.15,13,947,324.62535073026174,5.9124698242211124,,-6300,2000
P20048,309.15,13,519,324.62535073026174,5.9124698242211124,,-6300,2000
P20049,308.15,13,452,324.62535073026174,5.9124698242211124,,-6300,2000
P20051,308.15,13,364,328.88664928,3.4,339.15,-6300,2000
P20485,310.15,13,582,324.62535073026174,5.9124698242211124,,-6300,2000
P20967,305.15,13,1014,317.16093567999997,3.4,325.34999999999997,-6300,2000
P21147,308.15,13,510,324.62535073026174,5.9124698242211124,,-6300,2000
P21182,311.15,13,396,324.62535073026174,5.9124698242211124,,-6300,2000
P21264,306.15,13,571,330.45892168999995,3.4,331.95,-6300,2000
P21306,313.15,13,62,324.62535073026174,5.9124698242211124,,-6300,2000
P21373,306.15,13,530,324.62535073026174,5.9124698242211124,,-6300,2000
P21524,309.15,13,888,323.32646193,3.4,324.15,-6300,2000
P21592,310.15,13,462,324.62535073026174,5.9124698242211124,,-6300,2000
P21595,307.15,13,489,324.62535073026174,5.9124698242211124,,-6300,2000
P21623,306.15,13,536,330.63783485,3.4,334.34999999999997,-6300,2000
P21672,309.15,13,869,324.62535073026174,5.9124698242211124,,-6300,2000
P21801,310.15,13,266,324.62535073026174,5.9124698242211124,,-6300,2000
P21826,305.15,13,554,324.62535073026174,5.9124698242211124,,-6300,2000
P21954,309.15,13,428,324.9742852,3.4,326.75,-6300,2000
P22007,310.15,13,431,324.62535073026174,5.9124698242211124,,-6300,2000
P22108,309.15,13,325,324.62535073026174,5.9124698242211124,,-6300,2000
P22133,308.15,13,377,324.62535073026174,5.9124698242211124,,-6300,2000
P22140,309.15,13,391,324.62535073026174,5.9124698242211124,,-6300,2000
P22203,308.15,13,233,324.62535073026174,5.9124698242211124,,-6300,2000
P22217,310.15,13,103,340.23519796999994,3.4,340.95,-6300,2000
P22219,305.15,13,1454,324.62535073026174,5.9124698242211124,,-6300,2000
P22289,319.15,13,66,324.62535073026174,5.9124698242211124,,-6300,2000
P22434,307.15,13,369,324.62535073026174,5.9124698242211124,,-6300,2000
P22438,309.15,13,575,324.62535073026174,5.9124698242211124,,-6300,2000
P22543,307.15,13,875,324.62535073026174,5.9124698242211124,,-6300,2000
P22768,313.15,13,420,316.50589864,3.4,318.25,-6300,2000
P22803,311.15,13,104,324.62535073026174,5.9124698242211124,,-6300,2000
P23254,307.15,13,680,330.43518673999995,3.4,332.29545455,-6300,2000
P23337,310.15,13,708,324.62535073026174,5.9124698242211124,,-6300,2000
P23501,310.15,13,404,324.62535073026174,5.9124698242211124,,-6300,2000
P23542,308.15,13,418,336.26162331,3.4,338.81666666999996,-6300,2000
P23776,319.15,13,448,324.62535073026174,5.9124698242211124,,-6300,2000
P23797,308.15,13,304,324.62535073026174,5.9124698242211124,,-6300,2000
P23968,309.15,13,213,324.62535073026174,5.9124698242211124,,-6300,2000
P24031,310.15,13,467,324.62535073026174,5.9124698242211124,,-6300,2000
P24521,306.15,13,451,324.72867441,3.4,326.15,-6300,2000
P25045,309.15,13,558,327.76432381999996,3.4,329.15,-6300,2000
P25087,308.15,13,383,324.62535073026174,5.9124698242211124,,-6300,2000
P25332,306.15,13,333,324.62535073026174,5.9124698242211124,,-6300,2000
P25335,311.15,13,343,324.62535073026174,5.9124698242211124,,-6300,2000
P25340,310.15,13,473,328.77292121,3.4,344.75,-6300,2000
P25345,310.15,13,492,324.62535073026174,5.9124698242211124,,-6300,2000
P25358,310.15,13,347,324.62535073026174,5.9124698242211124,,-6300,2000
P25372,309.15,13,127,324.62535073026174,5.9124698242211124,,-6300,2000
P25373,308.15,13,110,324.62535073026174,5.9124698242211124,,-6300,2000
P25377,307.15,13,361,324.62535073026174,5.9124698242211124,,-6300,2000
P25379,309.15,13,360,324.62535073026174,5.9124698242211124,,-6300,2000
P25515,310.15,13,160,324.62535073026174,5.9124698242211124,,-6300,2000
P25578,310.15,13,521,324.62535073026174,5.9124698242211124,,-6300,2000
P25580,309.15,13,416,324.62535073026174,5.9124698242211124,,-6300,2000
P25605,305.15,13,309,324.62535073026174,5.9124698242211124,,-6300,2000
P25628,310.15,13,610,324.62535073026174,5.9124698242211124,,-6300,2000
P26263,301.15,13,563,330.26827051,3.4,332.04999999999995,-6300,2000
P26364,309.15,13,225,324.62535073026174,5.9124698242211124,,-6300,2000
P26637,303.15,13,1090,316.70967528999995,3.4,317.45,-6300,2000
P26725,312.15,13,428,324.62535073026174,5.9124698242211124,,-6300,2000
P27472,309.15,13,705,324.62535073026174,5.9124698242211124,,-6300,2000
P27515,307.15,13,501,324.62535073026174,5.9124698242211124,,-6300,2000
P27616,310.15,13,306,322.71665729999995,3.4,325.22999999999996,-6300,2000
P27680,307.15,13,312,324.62535073026174,5.9124698242211124,,-6300,2000
P27697,305.15,13,501,324.62535073026174,5.9124698242211124,,-6300,2000
P27796,306.15,13,417,324.62535073026174,5.9124698242211124,,-6300,2000
P27809,314.15,13,442,324.62535073026174,5.9124698242211124,,-6300,2000
P27810,312.15,13,393,329.24257235,3.4,330.34999999999997,-6300,2000
P28239,308.15,13,310,324.62535073026174,5.9124698242211124,,-6300,2000
P28240,307.15,13,557,324.62535073026174,5.9124698242211124,,-6300,2000
P28241,308.15,13,369,324.62535073026174,5.9124698242211124,,-6300,2000
P28272,309.15,13,314,322.45181298,3.4,324.34999999999997,-6300,2000
P28274,307.15,13,579,324.62535073026174,5.9124698242211124,,-6300,2000
P28321,311.15,13,313,324.62535073026174,5.9124698242211124,,-6300,2000
P28496,309.15,13,418,324.62535073026174,5.9124698242211124,,-6300,2000
P28777,309.15,13,376,321.13893998,3.4,325.15,-6300,2000
P28789,307.15,13,327,324.62535073026174,5.9124698242211124,,-6300,2000
P28834,308.15,13,360,325.6287,3.4,327.15,-6300,2000
P29465,303.15,13,1165,324.62535073026174,5.9124698242211124,,-6300,2000
P29509,308.15,13,319,317.05668878,3.4,318.75,-6300,2000
P29703,311.15,13,316,324.62535073026174,5.9124698242211124,,-6300,2000
P29704,309.15,13,444,324.62535073026174,5.9124698242211124,,-6300,2000
P29952,308.15,13,429,318.05094971999995,3.4,319.88333332999997,-6300,2000
P30402,307.15,13,227,324.62535073026174,5.9124698242211124,,-6300,2000
P30624,308.15,13,700,323.0831288,3.4,326.04999999999995,-6300,2000
P30777,308.15,13,616,324.62535073026174,5.9124698242211124,,-6300,2000
P30902,306.15,13,174,322.19170649999995,3.4,329.95,-6300,2000
P30952,307.15,13,554,324.62535073026174,5.9124698242211124,,-6300,2000
P31115,307.15,13,442,324.62535073026174,5.9124698242211124,,-6300,2000
P31116,308.15,13,359,329.54178863,3.4,332.06428571,-6300,2000
P31373,306.15,13,394,340.18858415,3.4,341.61666667,-6300,2000
P31382,309.15,13,759,324.62535073026174,5.9124698242211124,,-6300,2000
P31412,307.15,13,392,319.16002204999995,3.4,319.95,-6300,2000
P31688,307.15,13,896,323.76365675,3.4,324.54999999999995,-6300,2000
P32048,306.15,13,576,324.62535073026174,5.9124698242211124,,-6300,2000
P32178,309.15,13,256,324.62535073026174,5.9124698242211124,,-6300,2000
P32179,306.15,13,357,325.48562043,3.4,328.61666667,-6300,2000
P32190,306.15,13,709,324.62535073026174,5.9124698242211124,,-6300,2000
P32191,306.15,13,649,326.29813693999995,3.4,327.34999999999997,-6300,2000
P32263,309.15,13,286,325.2147253,3.4,329.04999999999995,-6300,2000
P32264,306.15,13,428,321.40089123999996,3.4,323.15,-6300,2000
P32288,310.15,13,370,315.43097857,3.4,318.25,-6300,2000
P32316,305.15,13,526,324.39036304999996,3.4,330.75,-6300,2000
P32327,307.15,13,1180,327.05190648999996,3.4,329.00714286,-6300,2000
P32340,306.15,13,513,316.55070603999997,3.4,317.54999999999995,-6300,2000
P32347,308.15,13,362,337.96785384,3.4,339.54999999999995,-6300,2000
P32352,313.15,13,222,324.62535073026174,5.9124698242211124,,-6300,2000
P32353,311.15,13,365,324.62535073026174,5.9124698242211124,,-6300,2000
P32356,310.15,13,751,324.62535073026174,5.9124698242211124,,-6300,2000
P32366,310.15,13,345,330.69296347,3.4,334.15,-6300,2000
P32368,311.15,13,623,324.62535073026174,5.9124698242211124,,-6300,2000
P32375,304.15,13,460,324.62535073026174,5.9124698242211124,,-6300,2000
P32377,307.15,13,396,328.36613911999996,3.4,329.95,-6300,2000
P32378,310.15,13,372,324.62535073026174,5.9124698242211124,,-6300,2000
P32383,305.15,13,869,324.62535073026174,5.9124698242211124,,-6300,2000
P32419,305.15,13,343,321.12266027,3.4,322.45,-6300,2000
P32449,305.15,13,370,324.62535073026174,5.9124698242211124,,-6300,2000
P32451,306.15,13,375,324.62535073026174,5.9124698242211124,,-6300,2000
P32452,309.15,13,334,324.62535073026174,5.9124698242211124,,-6300,2000
P32459,306.15,13,195,324.62535073026174,5.9124698242211124,,-6300,2000
P32462,309.15,13,438,324.62535073026174,5.9124698242211124,,-6300,2000
P32463,309.15,13,125,324.62535073026174,5.9124698242211124,,-6300,2000
P32469,308.15,13,300,324.62535073026174,5.9124698242211124,,-6300,2000
P32473,308.15,13,366,315.23963552,3.4,316.95,-6300,2000
P32476,307.15,13,496,313.60765611,3.4,315.34999999999997,-6300,2000
P32477,310.15,13,678,324.62535073026174,5.9124698242211124,,-6300,2000
P32528,305.15,13,1835,318.66041794,3.4,324.45,-6300,2000
P32563,308.15,13,840,323.43304335,3.4,336.95,-6300,2000
P32567,309.15,13,862,324.62535073026174,5.9124698242211124,,-6300,2000
P32573,307.15,13,292,324.62535073026174,5.9124698242211124,,-6300,2000
P32582,308.15,13,507,323.82114996999996,3.4,325.92499999999995,-6300,2000
P32603,313.15,13,445,324.62535073026174,5.9124698242211124,,-6300,2000
P32604,309.15,13,452,324.62535073026174,5.9124698242211124,,-6300,2000
P32610,310.15,13,256,325.48706695,3.4,336.15,-6300,2000
P32614,303.15,13,470,326.41351493999997,3.4,328.69,-6300,2000
P32621,306.15,13,518,324.62535073026174,5.9124698242211124,,-6300,2000
P32622,307.15,13,495,324.62535073026174,5.9124698242211124,,-6300,2000
P32626,311.15,13,227,324.62535073026174,5.9124698242211124,,-6300,2000
P32642,309.15,13,244,324.62535073026174,5.9124698242211124,,-6300,2000
P32643,311.15,13,299,324.62535073026174,5.9124698242211124,,-6300,2000
P32771,312.15,13,386,328.01778462,3.4,328.95,-6300,2000
P32784,305.15,13,759,324.62535073026174,5.9124698242211124,,-6300,2000
P32785,306.15,13,401,324.62535073026174,5.9124698242211124,,-6300,2000
P32796,310.15,13,670,324.62535073026174,5.9124698242211124,,-6300,2000
P32799,312.15,13,129,316.33319166999996,3.4,317.95,-6300,2000
P32842,310.15,13,164,324.62535073026174,5.9124698242211124,,-6300,2000
P32861,308.15,13,499,318.48411067999996,3.4,319.54999999999995,-6300,2000
P32874,307.15,13,2273,324.62535073026174,5.9124698242211124,,-6300,2000
P32891,307.15,13,587,324.29718886999996,3.4,331.75,-6300,2000
P32895,307.15,13,427,324.43145158,3.4,325.54999999999995,-6300,2000
P32903,318.15,13,40,324.62535073026174,5.9124698242211124,,-6300,2000
P33300,310.15,13,382,324.62535073026174,5.9124698242211124,,-6300,2000
P33312,309.15,13,244,324.62535073026174,5.9124698242211124,,-6300,2000
P33315,312.15,13,681,324.62535073026174,5.9124698242211124,,-6300,2000
P33317,316.15,13,147,327.47895636,3.4,336.15,-6300,2000
P33327,308.15,13,1092,328.0765505,3.4,329.75,-6300,2000
P33330,308.15,13,395,315.56637502999996,3.4,317.95,-6300,2000
P33333,307.15,13,303,324.62535073026174,5.9124698242211124,,-6300,2000
P33401,310.15,13,570,328.45507511,3.4,329.34999999999997,-6300,2000
P33412,313.15,13,323,324.62535073026174,5.9124698242211124,,-6300,2000
P33421,311.15,13,198,324.62535073026174,5.9124698242211124,,-6300,2000
P33550,312.15,13,425,324.62535073026174,5.9124698242211124,,-6300,2000
P33734,312.15,13,552,319.31713664999995,3.4,320.75,-6300,2000
P33775,308.15,13,817,319.75325052,3.4,322.15,-6300,2000
P34163,307.15,13,548,324.62535073026174,5.9124698242211124,,-6300,2000
P34227,310.15,13,261,324.62535073026174,5.9124698242211124,,-6300,2000
P34756,307.15,13,2278,324.62535073026174,5.9124698242211124,,-6300,2000
P35196,308.15,13,286,324.62535073026174,5.9124698242211124,,-6300,2000
P35202,309.15,13,319,324.62535073026174,5.9124698242211124,,-6300,2000
P35206,308.15,13,410,324.62535073026174,5.9124698242211124,,-6300,2000
P35497,314.15,13,357,324.62535073026174,5.9124698242211124,,-6300,2000
P35731,310.15,13,278,324.62535073026174,5.9124698242211124,,-6300,2000
P35842,315.15,13,467,324.62535073026174,5.9124698242211124,,-6300,2000
P36001,306.15,13,430,324.62535073026174,5.9124698242211124,,-6300,2000
P36010,305.15,13,153,324.62535073026174,5.9124698242211124,,-6300,2000
P36013,306.15,13,669,324.62535073026174,5.9124698242211124,,-6300,2000
P36014,309.15,13,167,324.62535073026174,5.9124698242211124,,-6300,2000
P36051,308.15,13,919,324.62535073026174,5.9124698242211124,,-6300,2000
P36107,312.15,13,401,324.62535073026174,5.9124698242211124,,-6300,2000
P36126,307.15,13,1683,324.62535073026174,5.9124698242211124,,-6300,2000
P36136,305.15,13,271,325.71345298,3.4,332.54999999999995,-6300,2000
P36143,310.15,13,616,324.62535073026174,5.9124698242211124,,-6300,2000
P36148,306.15,13,743,324.62535073026174,5.9124698242211124,,-6300,2000
P36150,305.15,13,593,324.62535073026174,5.9124698242211124,,-6300,2000
P36165,307.15,13,910,324.62535073026174,5.9124698242211124,,-6300,2000
P36421,308.15,13,394,318.9105982,3.4,320.15,-6300,2000
P37012,311.15,13,569,323.92674207,3.4,332.75,-6300,2000
P37254,307.15,13,787,324.62535073026174,5.9124698242211124,,-6300,2000
P37291,309.15,13,469,323.5845653,3.4,326.45,-6300,2000
P37292,308.15,13,490,334.39370082,3.4,337.125,-6300,2000
P37296,306.15,13,890,324.62535073026174,5.9124698242211124,,-6300,2000
P37297,306.15,13,1900,321.35023516999996,3.4,322.34999999999997,-6300,2000
P37298,311.15,13,181,324.62535073026174,5.9124698242211124,,-6300,2000
P37299,317.15,13,77,325.51673357,3.4,326.15,-6300,2000
P37303,316.15,13,387,319.41826296,3.4,320.15,-6300,2000
P38009,306.15,13,592,334.72355118999997,3.4,335.5,-6300,2000
P38013,312.15,13,176,316.56735666,3.4,337.28333333,-6300,2000
P38063,307.15,13,326,324.62535073026174,5.9124698242211124,,-6300,2000
P38066,307.15,13,345,324.62535073026174,5.9124698242211124,,-6300,2000
P38067,307.15,13,497,324.62535073026174,5.9124698242211124,,-6300,2000
P38071,309.15,13,380,324.62535073026174,5.9124698242211124,,-6300,2000
P38074,309.15,13,348,326.58359136999997,3.4,327.34999999999997,-6300,2000
P38075,312.15,13,228,316.89761111999997,3.4,317.95,-6300,2000
P38077,310.15,13,311,325.95864417999996,3.4,330.04999999999995,-6300,2000
P38088,308.15,13,690,317.04319619999995,3.4,318.4,-6300,2000
P38113,312.15,13,351,324.62535073026174,5.9124698242211124,,-6300,2000
P38115,309.15,13,344,323.43029872,3.4,325.15,-6300,2000
P38122,308.15,13,312,324.62535073026174,5.9124698242211124,,-6300,2000
P38130,310.15,13,404,327.27550804,3.4,328.15,-6300,2000
P38131,314.15,13,464,324.62535073026174,5.9124698242211124,,-6300,2000
P38139,307.15,13,375,324.62535073026174,5.9124698242211124,,-6300,2000
P38143,313.15,13,162,324.62535073026174,5.9124698242211124,,-6300,2000
P38145,310.15,13,238,324.62535073026174,5.9124698242211124,,-6300,2000
P38158,315.15,13,584,324.62535073026174,5.9124698242211124,,-6300,2000
P38169,307.15,13,460,324.62535073026174,5.9124698242211124,,-6300,2000
P38211,312.15,13,433,324.62535073026174,5.9124698242211124,,-6300,2000
P38221,310.15,13,457,333.48226108,3.4,344.15,-6300,2000
P38226,308.15,13,397,324.62535073026174,5.9124698242211124,,-6300,2000
P38286,307.15,13,347,324.62535073026174,5.9124698242211124,,-6300,2000
P38287,312.15,13,376,324.62535073026174,5.9124698242211124,,-6300,2000
P38298,303.15,13,316,324.62535073026174,5.9124698242211124,,-6300,2000
P38342,306.15,13,320,336.9262786,3.4,338.75,-6300,2000
P38426,306.15,13,1054,324.67698104,3.4,325.75,-6300,2000
P38427,306.15,13,1098,324.62535073026174,5.9124698242211124,,-6300,2000
P38604,310.15,13,731,324.62535073026174,5.9124698242211124,,-6300,2000
P38620,307.15,13,318,324.62535073026174,5.9124698242211124,,-6300,2000
P38625,305.15,13,525,316.98528526999996,3.4,319.84999999999997,-6300,2000
P38627,306.15,13,578,322.81723781999995,3.4,327.15,-6300,2000
P38628,309.15,13,557,324.62535073026174,5.9124698242211124,,-6300,2000
P38631,308.15,13,1876,324.58864621,3.4,325.54999999999995,-6300,2000
P38635,310.15,13,335,324.62535073026174,5.9124698242211124,,-6300,2000
P38689,307.15,13,320,323.77758714,3.4,325.34999999999997,-6300,2000
P38697,307.15,13,523,325.57338073999995,3.4,327.34999999999997,-6300,2000
P38703,308.15,13,411,324.62535073026174,5.9124698242211124,,-6300,2000
P38705,307.15,13,446,324.62535073026174,5.9124698242211124,,-6300,2000
P38707,310.15,13,554,319.43910098,3.4,321.34999999999997,-6300,2000
P38708,307.15,13,688,324.62535073026174,5.9124698242211124,,-6300,2000
P38710,313.15,13,295,324.62535073026174,5.9124698242211124,,-6300,2000
P38714,308.15,13,643,332.39312343999995,3.4,336.75,-6300,2000
P38715,307.15,13,327,324.62535073026174,5.9124698242211124,,-6300,2000
P38720,307.15,13,489,317.36029012,3.4,318.95,-6300,2000
P38787,307.15,13,379,324.62535073026174,5.9124698242211124,,-6300,2000
P38790,308.15,13,280,324.62535073026174,5.9124698242211124,,-6300,2000
P38791,307.15,13,387,315.30243199999995,3.4,327.34999999999997,-6300,2000
P38795,305.15,13,714,323.38908248999996,3.4,325.15,-6300,2000
P38812,310.15,13,185,324.62535073026174,5.9124698242211124,,-6300,2000
P38816,308.15,13,342,324.62535073026174,5.9124698242211124,,-6300,2000
P38840,310.15,13,513,326.53051429,3.4,328.54999999999995,-6300,2000
P38858,307.15,13,249,323.93422676,3.4,324.84999999999997,-6300,2000
P38891,311.15,13,393,324.62535073026174,5.9124698242211124,,-6300,2000
P38913,309.15,13,306,324.62535073026174,5.9124698242211124,,-6300,2000
P38954,309.15,13,527,324.62535073026174,5.9124698242211124,,-6300,2000
P38972,305.15,13,1358,324.62535073026174,5.9124698242211124,,-6300,2000
P38986,310.15,13,381,324.62535073026174,5.9124698242211124,,-6300,2000
P38992,310.15,13,349,324.62535073026174,5.9124698242211124,,-6300,2000
P38994,312.15,13,779,324.62535073026174,5.9124698242211124,,-6300,2000
P38998,308.15,13,373,323.17320894,3.4,325.04999999999995,-6300,2000
P38999,310.15,13,446,324.62535073026174,5.9124698242211124,,-6300,2000
P39002,308.15,13,694,324.62535073026174,5.9124698242211124,,-6300,2000
P39006,306.15,13,500,324.62535073026174,5.9124698242211124,,-6300,2000
P39104,306.15,13,1066,324.62535073026174,5.9124698242211124,,-6300,2000
P39105,313.15,13,664,324.62535073026174,5.9124698242211124,,-6300,2000
P39111,312.15,13,118,326.71985338999997,3.4,327.75,-6300,2000
P39518,307.15,13,744,324.62535073026174,5.9124698242211124,,-6300,2000
P39522,309.15,13,585,321.89372103999995,3.4,322.75,-6300,2000
P39525,307.15,13,442,324.62535073026174,5.9124698242211124,,-6300,2000
P39540,308.15,13,310,324.62535073026174,5.9124698242211124,,-6300,2000
P39683,310.15,13,429,321.35467057,3.4,323.15,-6300,2000
P39692,308.15,13,1035,316.6420947,3.4,322.75,-6300,2000
P39708,308.15,13,457,324.62535073026174,5.9124698242211124,,-6300,2000
P39714,307.15,13,382,324.62535073026174,5.9124698242211124,,-6300,2000
P39726,310.15,13,170,322.47154786,3.4,328.34999999999997,-6300,2000
P39954,305.15,13,449,317.66109710999996,3.4,319.95,-6300,2000
P39976,308.15,13,496,323.58775390999995,3.4,327.15,-6300,2000
P39988,308.15,13,312,324.62535073026174,5.9124698242211124,,-6300,2000
P40009,307.15,13,630,324.62535073026174,5.9124698242211124,,-6300,2000
P40012,307.15,13,539,324.62535073026174,5.9124698242211124,,-6300,2000
P40015,306.15,13,477,324.62535073026174,5.9124698242211124,,-6300,2000
P40017,307.15,13,923,324.62535073026174,5.9124698242211124,,-6300,2000
P40047,308.15,13,520,329.62587161,3.4,330.75,-6300,2000
P40054,306.15,13,469,324.62535073026174,5.9124698242211124,,-6300,2000
P40099,308.15,13,211,324.62535073026174,5.9124698242211124,,-6300,2000
P40106,311.15,13,250,324.69170025999995,3.4,331.54999999999995,-6300,2000
P40215,309.15,13,560,324.62535073026174,5.9124698242211124,,-6300,2000
P40308,308.15,13,642,324.62535073026174,5.9124698242211124,,-6300,2000
P40319,309.15,13,345,324.62535073026174,5.9124698242211124,,-6300,2000
P40345,307.15,13,661,324.62535073026174,5.9124698242211124,,-6300,2000
P40353,308.15,13,525,324.62535073026174,5.9124698242211124,,-6300,2000
P40360,305.15,13,574,324.62535073026174,5.9124698242211124,,-6300,2000
P40363,312.15,13,299,337.29261041999996,3.4,338.54999999999995,-6300,2000
P40433,308.15,13,827,324.62535073026174,5.9124698242211124,,-6300,2000
P40459,307.15,13,309,324.62535073026174,5.9124698242211124,,-6300,2000
P40471,308.15,13,297,324.62535073026174,5.9124698242211124,,-6300,2000
P40495,298.15,13,371,329.57268416,3.4,331.75,-6300,2000
P40506,308.15,13,365,324.62535073026174,5.9124698242211124,,-6300,2000
P40510,306.15,13,469,324.62535073026174,5.9124698242211124,,-6300,2000
P40545,307.15,13,261,324.62535073026174,5.9124698242211124,,-6300,2000
P40553,307.15,13,215,324.62535073026174,5.9124698242211124,,-6300,2000
P40559,309.15,13,946,324.62535073026174,5.9124698242211124,,-6300,2000
P40581,314.15,13,163,324.62535073026174,5.9124698242211124,,-6300,2000
P40825,308.15,13,983,315.83714743999997,3.4,317.54999999999995,-6300,2000
P40857,309.15,13,217,324.62535073026174,5.9124698242211124,,-6300,2000
P40884,315.15,13,581,324.62535073026174,5.9124698242211124,,-6300,2000
P40970,308.15,13,561,324.62535073026174,5.9124698242211124,,-6300,2000
P40975,317.15,13,43,324.62535073026174,5.9124698242211124,,-6300,2000
P40989,308.15,13,1895,324.62535073026174,5.9124698242211124,,-6300,2000
P41277,310.15,13,250,321.99270657,3.4,323.45,-6300,2000
P41338,307.15,13,398,324.62535073026174,5.9124698242211124,,-6300,2000
P41734,308.15,13,238,324.62535073026174,5.9124698242211124,,-6300,2000
P41735,306.15,13,233,324.62535073026174,5.9124698242211124,,-6300,2000
P41807,306.15,13,478,324.62535073026174,5.9124698242211124,,-6300,2000
P41835,304.15,13,540,324.62535073026174,5.9124698242211124,,-6300,2000
P41903,303.15,13,349,324.62535073026174,5.9124698242211124,,-6300,2000
P41911,305.15,13,440,321.28073083,3.4,324.54999999999995,-6300,2000
P41921,310.15,13,483,324.34591515,3.4,328.48333333,-6300,2000
P41939,310.15,13,412,324.62535073026174,5.9124698242211124,,-6300,2000
P41940,308.15,13,361,319.6197947,3.4,321.95,-6300,2000
P42826,306.15,13,600,324.62535073026174,5.9124698242211124,,-6300,2000
P42837,310.15,13,879,324.62535073026174,5.9124698242211124,,-6300,2000
P42941,310.15,13,309,324.62535073026174,5.9124698242211124,,-6300,2000
P42951,311.15,13,607,324.62535073026174,5.9124698242211124,,-6300,2000
P43123,306.15,13,477,324.62535073026174,5.9124698242211124,,-6300,2000
P43550,309.15,13,591,324.62535073026174,5.9124698242211124,,-6300,2000
P43567,307.15,13,385,324.62535073026174,5.9124698242211124,,-6300,2000
P43577,312.15,13,159,332.40825100999996,3.4,334.15,-6300,2000
P43619,305.15,13,295,324.62535073026174,5.9124698242211124,,-6300,2000
P43635,307.15,13,486,324.62535073026174,5.9124698242211124,,-6300,2000
P46151,307.15,13,657,324.62535073026174,5.9124698242211124,,-6300,2000
P46367,308.15,13,519,329.63771121999997,3.4,332.68333333,-6300,2000
P46655,308.15,13,708,317.54264935,3.4,322.68333333,-6300,2000
P46681,309.15,13,530,329.66798739,3.4,332.54999999999995,-6300,2000
P46969,308.15,13,238,324.62535073026174,5.9124698242211124,,-6300,2000
P46971,310.15,13,762,331.36237193,3.4,339.54999999999995,-6300,2000
P47011,310.15,13,380,324.62535073026174,5.9124698242211124,,-6300,2000
P47013,309.15,13,409,324.62535073026174,5.9124698242211124,,-6300,2000
P47026,310.15,13,490,324.62535073026174,5.9124698242211124,,-6300,2000
P47039,309.15,13,444,324.62535073026174,5.9124698242211124,,-6300,2000
P47052,307.15,13,634,324.62535073026174,5.9124698242211124,,-6300,2000
P47088,310.15,13,403,324.62535073026174,5.9124698242211124,,-6300,2000
P47096,309.15,13,177,327.18056179999996,3.4,328.54999999999995,-6300,2000
P47125,305.15,13,453,324.62535073026174,5.9124698242211124,,-6300,2000
P47143,310.15,13,340,327.76935427,3.4,330.54999999999995,-6300,2000
P47147,307.15,13,688,324.62535073026174,5.9124698242211124,,-6300,2000
P47164,307.15,13,639,324.62535073026174,5.9124698242211124,,-6300,2000
P47165,307.15,13,209,324.62535073026174,5.9124698242211124,,-6300,2000
P47169,307.15,13,1442,334.95714363999997,3.4,338.95,-6300,2000
P47176,309.15,13,376,316.17086494,3.4,317.04999999999995,-6300,2000
P47180,318.15,13,361,324.62535073026174,5.9124698242211124,,-6300,2000
P47190,308.15,13,753,324.62535073026174,5.9124698242211124,,-6300,2000
P47771,311.15,13,506,324.62535073026174,5.9124698242211124,,-6300,2000
P47912,308.15,13,694,325.18261801,3.4,325.75,-6300,2000
P48015,306.15,13,400,320.19718145999997,3.4,331.34999999999997,-6300,2000
P48016,311.15,13,1211,324.62535073026174,5.9124698242211124,,-6300,2000
P48360,307.15,13,493,324.62535073026174,5.9124698242211124,,-6300,2000
P48445,312.15,13,690,314.60369923999997,3.4,315.75,-6300,2000
P48525,306.15,13,536,324.62535073026174,5.9124698242211124,,-6300,2000
P48526,308.15,13,1002,324.62535073026174,5.9124698242211124,,-6300,2000
P48527,308.15,13,492,324.62535073026174,5.9124698242211124,,-6300,2000
P48567,310.15,13,403,324.62535073026174,5.9124698242211124,,-6300,2000
P48570,309.15,13,428,327.334677,3.4,328.54999999999995,-6300,2000
P48836,315.15,13,114,324.62535073026174,5.9124698242211124,,-6300,2000
P49017,310.15,13,307,324.62535073026174,5.9124698242211124,,-6300,2000
P49089,308.15,13,572,319.27947002999997,3.4,332.15,-6300,2000
P49090,307.15,13,572,321.68551618,3.4,323.28333333,-6300,2000
P49095,305.15,13,1034,334.39440589,3.4,335.54999999999995,-6300,2000
P49367,306.15,13,693,324.62535073026174,5.9124698242211124,,-6300,2000
P49435,311.15,13,187,324.62535073026174,5.9124698242211124,,-6300,2000
P49723,311.15,13,345,324.00814617,3.4,326.15,-6300,2000
P49775,312.15,13,206,324.62535073026174,5.9124698242211124,,-6300,2000
P50094,307.15,13,524,325.32040842,3.4,329.75,-6300,2000
P50095,306.15,13,523,326.52659639999996,3.4,329.25,-6300,2000
P50107,310.15,13,326,324.62535073026174,5.9124698242211124,,-6300,2000
P50113,308.15,13,272,324.62535073026174,5.9124698242211124,,-6300,2000
P50264,307.15,13,508,324.62535073026174,5.9124698242211124,,-6300,2000
P50277,306.15,13,480,324.62535073026174,5.9124698242211124,,-6300,2000
P50861,308.15,13,169,322.94549422,3.4,324.75,-6300,2000
P50942,307.15,13,1183,324.62535073026174,5.9124698242211124,,-6300,2000
P51601,307.15,13,243,324.62535073026174,5.9124698242211124,,-6300,2000
P52489,309.15,13,506,324.62535073026174,5.9124698242211124,,-6300,2000
P52867,308.15,13,743,324.62535073026174,5.9124698242211124,,-6300,2000
P52893,307.15,13,592,326.64938080999997,3.4,327.54999999999995,-6300,2000
P52910,313.15,13,683,325.25026103,3.4,326.54999999999995,-6300,2000
P52911,318.15,13,562,324.62535073026174,5.9124698242211124,,-6300,2000
P53037,306.15,13,1138,324.62535073026174,5.9124698242211124,,-6300,2000
P53045,308.15,13,309,324.62535073026174,5.9124698242211124,,-6300,2000
P53051,312.15,13,589,324.62535073026174,5.9124698242211124,,-6300,2000
P53090,314.15,13,500,336.96454571,3.4,338.95,-6300,2000
P53101,307.15,13,465,327.04578775,3.4,330.95,-6300,2000
P53128,310.15,13,600,324.62535073026174,5.9124698242211124,,-6300,2000
P53164,310.15,13,384,316.17479857,3.4,334.34999999999997,-6300,2000
P53167,306.15,13,370,324.62535073026174,5.9124698242211124,,-6300,2000
P53184,314.15,13,216,326.21310081999997,3.4,332.84999999999997,-6300,2000
P53199,303.15,13,349,324.62535073026174,5.9124698242211124,,-6300,2000
P53204,309.15,13,395,324.62535073026174,5.9124698242211124,,-6300,2000
P53264,308.15,13,445,324.62535073026174,5.9124698242211124,,-6300,2000
P53296,309.15,13,535,324.62535073026174,5.9124698242211124,,-6300,2000
P53312,305.15,13,427,324.62535073026174,5.9124698242211124,,-6300,2000
P53314,310.15,13,239,324.62535073026174,5.9124698242211124,,-6300,2000
P53315,306.15,13,255,324.62535073026174,5.9124698242211124,,-6300,2000
P53318,309.15,13,479,324.62535073026174,5.9124698242211124,,-6300,2000
P53319,307.15,13,492,324.62535073026174,5.9124698242211124,,-6300,2000
P53332,306.15,13,305,324.62535073026174,5.9124698242211124,,-6300,2000
P53341,315.15,13,584,324.62535073026174,5.9124698242211124,,-6300,2000
P53598,310.15,13,329,324.62535073026174,5.9124698242211124,,-6300,2000
P53629,310.15,13,642,324.05496766,3.4,330.75,-6300,2000
P53630,311.15,13,237,324.62535073026174,5.9124698242211124,,-6300,2000
P53685,306.15,13,503,324.62535073026174,5.9124698242211124,,-6300,2000
P53686,307.15,13,357,324.62535073026174,5.9124698242211124,,-6300,2000
P53687,308.15,13,447,324.62535073026174,5.9124698242211124,,-6300,2000
P53688,308.15,13,370,324.62535073026174,5.9124698242211124,,-6300,2000
P53753,316.15,13,1117,324.62535073026174,5.9124698242211124,,-6300,2000
P53848,309.15,13,824,324.62535073026174,5.9124698242211124,,-6300,2000
P53852,307.15,13,767,325.84192958999995,3.4,326.54999999999995,-6300,2000
P53909,308.15,13,347,324.62535073026174,5.9124698242211124,,-6300,2000
P53915,311.15,13,240,324.62535073026174,5.9124698242211124,,-6300,2000
P53966,311.15,13,522,324.62535073026174,5.9124698242211124,,-6300,2000
P53982,307.15,13,420,324.62535073026174,5.9124698242211124,,-6300,2000
P54070,313.15,13,446,318.53026217999997,3.4,324.15,-6300,2000
P54113,307.15,13,591,333.05011988999996,3.4,334.75,-6300,2000
P54114,309.15,13,506,321.828059,3.4,324.75,-6300,2000
P54115,308.15,13,500,323.96260377,3.4,327.23749999999995,-6300,2000
P54781,307.15,13,538,324.62535073026174,5.9124698242211124,,-6300,2000
P54783,309.15,13,526,324.62535073026174,5.9124698242211124,,-6300,2000
P54838,306.15,13,584,327.72681431999996,3.4,331.04999999999995,-6300,2000
P54839,312.15,13,491,327.14691761999995,3.4,328.84999999999997,-6300,2000
P54857,311.15,13,326,324.62535073026174,5.9124698242211124,,-6300,2000
P54885,307.15,13,456,320.24535828999996,3.4,323.15,-6300,2000
P80210,311.15,13,433,325.32614373999996,3.4,326.54999999999995,-6300,2000
P80235,312.15,13,687,324.62535073026174,5.9124698242211124,,-6300,2000
P81449,311.15,13,96,324.62535073026174,5.9124698242211124,,-6300,2000
P81450,318.15,13,59,324.62535073026174,5.9124698242211124,,-6300,2000
Q00055,298.15,13,391,324.62535073026174,5.9124698242211124,,-6300,2000
Q00711,307.15,13,640,319.51004976999997,3.4,323.34999999999997,-6300,2000
Q00764,312.15,13,495,324.55968672,3.4,325.95,-6300,2000
Q00955,306.15,13,2233,317.02862720999997,3.4,318.15,-6300,2000
Q01217,310.15,13,863,322.68922096,3.4,323.95,-6300,2000
Q01519,317.15,13,83,324.62535073026174,5.9124698242211124,,-6300,2000
Q01574,313.15,13,713,324.62535073026174,5.9124698242211124,,-6300,2000
Q01802,311.15,13,451,324.62535073026174,5.9124698242211124,,-6300,2000
Q02046,310.15,13,320,324.62535073026174,5.9124698242211124,,-6300,2000
Q02196,308.15,13,202,324.62535073026174,5.9124698242211124,,-6300,2000
Q02207,306.15,13,900,324.62535073026174,5.9124698242211124,,-6300,2000
Q02784,308.15,13,150,324.62535073026174,5.9124698242211124,,-6300,2000
Q02896,303.15,13,317,324.62535073026174,5.9124698242211124,,-6300,2000
Q02979,305.15,13,1223,324.62535073026174,5.9124698242211124,,-6300,2000
Q03175,306.15,13,343,324.62535073026174,5.9124698242211124,,-6300,2000
Q03262,310.15,13,622,324.62535073026174,5.9124698242211124,,-6300,2000
Q03266,308.15,13,374,324.62535073026174,5.9124698242211124,,-6300,2000
Q03529,311.15,13,384,324.62535073026174,5.9124698242211124,,-6300,2000
Q03557,306.15,13,464,324.62535073026174,5.9124698242211124,,-6300,2000
Q03579,318.15,13,150,324.62535073026174,5.9124698242211124,,-6300,2000
Q03674,314.15,13,706,324.62535073026174,5.9124698242211124,,-6300,2000
Q03677,310.15,13,179,324.62535073026174,5.9124698242211124,,-6300,2000
Q03764,308.15,13,534,324.62535073026174,5.9124698242211124,,-6300,2000
Q03778,312.15,13,218,324.62535073026174,5.9124698242211124,,-6300,2000
Q03835,307.15,13,250,320.66616421,3.4,323.65,-6300,2000
Q03941,309.15,13,241,324.62535073026174,5.9124698242211124,,-6300,2000
Q04066,308.15,13,261,324.62535073026174,5.9124698242211124,,-6300,2000
Q04120,307.15,13,196,324.62535073026174,5.9124698242211124,,-6300,2000
Q04178,307.15,13,221,324.62535073026174,5.9124698242211124,,-6300,2000
Q04179,310.15,13,340,324.62535073026174,5.9124698242211124,,-6300,2000
Q04212,298.15,13,335,324.62535073026174,5.9124698242211124,,-6300,2000
Q04396,308.15,13,274,324.62535073026174,5.9124698242211124,,-6300,2000
Q04430,308.15,13,367,324.62535073026174,5.9124698242211124,,-6300,2000
Q04728,309.15,13,441,331.48070097,3.4,336.34999999999997,-6300,2000
Q04792,304.15,13,585,325.58829133999996,3.4,326.95,-6300,2000
Q04894,311.15,13,360,324.59454746,3.4,326.15,-6300,2000
Q04958,306.15,13,1679,324.62535073026174,5.9124698242211124,,-6300,2000
Q05016,303.15,13,267,325.86829581999996,3.4,329.95,-6300,2000
Q05506,307.15,13,607,322.79892242,3.4,322.95,-6300,2000
Q05521,309.15,13,289,324.62535073026174,5.9124698242211124,,-6300,2000
Q05533,310.15,13,292,324.62535073026174,5.9124698242211124,,-6300,2000
Q05567,303.15,13,589,324.62535073026174,5.9124698242211124,,-6300,2000
Q05584,311.15,13,274,319.80357383999996,3.4,328.65,-6300,2000
Q05779,306.15,13,260,324.62535073026174,5.9124698242211124,,-6300,2000
Q05788,306.15,13,311,325.23970161,3.4,328.34999999999997,-6300,2000
Q05871,306.15,13,280,324.62535073026174,5.9124698242211124,,-6300,2000
Q05874,308.15,13,261,324.62535073026174,5.9124698242211124,,-6300,2000
Q05902,306.15,13,660,324.62535073026174,5.9124698242211124,,-6300,2000
Q05911,305.15,13,482,326.31887943,3.4,328.75,-6300,2000
Q05979,309.15,13,453,324.62535073026174,5.9124698242211124,,-6300,2000
Q06147,309.15,13,687,324.62535073026174,5.9124698242211124,,-6300,2000
Q06178,310.15,13,401,324.62535073026174,5.9124698242211124,,-6300,2000
Q06321,303.15,13,1198,324.62535073026174,5.9124698242211124,,-6300,2000
Q06346,311.15,13,221,324.62535073026174,5.9124698242211124,,-6300,2000
Q06389,311.15,13,190,324.62535073026174,5.9124698242211124,,-6300,2000
Q06405,316.15,13,101,324.62535073026174,5.9124698242211124,,-6300,2000
Q06408,308.15,13,635,324.62535073026174,5.9124698242211124,,-6300,2000
Q06490,309.15,13,572,324.62535073026174,5.9124698242211124,,-6300,2000
Q06510,307.15,13,381,324.62535073026174,5.9124698242211124,,-6300,2000
Q06549,308.15,13,142,324.62535073026174,5.9124698242211124,,-6300,2000
Q06625,312.15,13,1536,315.08107657,3.4,318.95,-6300,2000
Q06636,313.15,13,219,324.62535073026174,5.9124698242211124,,-6300,2000
Q06667,314.15,13,281,324.62535073026174,5.9124698242211124,,-6300,2000
Q06685,305.15,13,1146,317.60600445,3.4,325.15,-6300,2000
Q06702,312.15,13,301,324.62535073026174,5.9124698242211124,,-6300,2000
Q06703,312.15,13,312,324.62535073026174,5.9124698242211124,,-6300,2000
Q06708,306.15,13,880,324.62535073026174,5.9124698242211124,,-6300,2000
Q06817,306.15,13,618,324.62535073026174,5.9124698242211124,,-6300,2000
Q06892,309.15,13,414,324.62535073026174,5.9124698242211124,,-6300,2000
Q07471,307.15,13,609,324.62535073026174,5.9124698242211124,,-6300,2000
Q07500,309.15,13,545,324.62535073026174,5.9124698242211124,,-6300,2000
Q07560,310.15,13,283,324.62535073026174,5.9124698242211124,,-6300,2000
Q07729,308.15,13,489,324.62535073026174,5.9124698242211124,,-6300,2000
Q07804,307.15,13,573,324.62535073026174,5.9124698242211124,,-6300,2000
Q07830,308.15,13,1017,324.62535073026174,5.9124698242211124,,-6300,2000
Q07923,309.15,13,191,324.62535073026174,5.9124698242211124,,-6300,2000
Q07938,309.15,13,337,324.62535073026174,5.9124698242211124,,-6300,2000
Q07950,308.15,13,538,324.62535073026174,5.9124698242211124,,-6300,2000
Q07993,309.15,13,356,324.62535073026174,5.9124698242211124,,-6300,2000
Q08108,310.15,13,686,324.62535073026174,5.9124698242211124,,-6300,2000
Q08220,311.15,13,491,328.39250462999996,3.4,328.95,-6300,2000
Q08224,308.15,13,551,324.62535073026174,5.9124698242211124,,-6300,2000
Q08227,311.15,13,384,324.62535073026174,5.9124698242211124,,-6300,2000
Q08548,309.15,13,619,324.62535073026174,5.9124698242211124,,-6300,2000
Q08558,308.15,13,271,324.62535073026174,5.9124698242211124,,-6300,2000
Q08645,306.15,13,548,324.63199693999996,3.4,327.15,-6300,2000
Q08650,309.15,13,418,324.62535073026174,5.9124698242211124,,-6300,2000
Q08911,312.15,13,376,324.62535073026174,5.9124698242211124,,-6300,2000
Q08959,307.15,13,321,324.62535073026174,5.9124698242211124,,-6300,2000
Q08975,309.15,13,551,324.62535073026174,5.9124698242211124,,-6300,2000
Q08985,308.15,13,325,327.78879935,3.4,329.34999999999997,-6300,2000
Q10740,307.15,13,671,325.13199089,3.4,326.65,-6300,2000
Q12031,305.15,13,575,324.62535073026174,5.9124698242211124,,-6300,2000
Q12036,307.15,13,173,324.62535073026174,5.9124698242211124,,-6300,2000
Q12043,308.15,13,749,324.62535073026174,5.9124698242211124,,-6300,2000
Q12051,298.15,13,335,324.62535073026174,5.9124698242211124,,-6300,2000
Q12068,306.15,13,342,324.62535073026174,5.9124698242211124,,-6300,2000
Q12074,308.15,13,293,324.41077512,3.4,326.84999999999997,-6300,2000
Q12109,308.15,13,432,324.62535073026174,5.9124698242211124,,-6300,2000
Q12122,308.15,13,440,316.92623318999995,3.4,319.48333333,-6300,2000
Q12154,308.15,13,354,318.26866760999997,3.4,321.34999999999997,-6300,2000
Q12165,309.15,13,160,324.62535073026174,5.9124698242211124,,-6300,2000
Q12166,307.15,13,604,324.11415608,3.4,326.15,-6300,2000
Q12178,315.15,13,158,324.62535073026174,5.9124698242211124,,-6300,2000
Q12184,310.15,13,172,334.01920628,3.4,336.34999999999997,-6300,2000
Q12189,309.15,13,258,327.71386013999995,3.4,328.54999999999995,-6300,2000
Q12211,311.15,13,544,324.62535073026174,5.9124698242211124,,-6300,2000
Q12233,311.15,13,115,324.62535073026174,5.9124698242211124,,-6300,2000
Q12246,307.15,13,624,324.62535073026174,5.9124698242211124,,-6300,2000
Q12265,309.15,13,496,324.62535073026174,5.9124698242211124,,-6300,2000
Q12271,307.15,13,1107,327.03398891999996,3.4,328.75,-6300,2000
Q12283,310.15,13,360,324.62535073026174,5.9124698242211124,,-6300,2000
Q12320,309.15,13,285,324.62535073026174,5.9124698242211124,,-6300,2000
Q12349,310.15,13,124,324.62535073026174,5.9124698242211124,,-6300,2000
Q12358,308.15,13,412,324.62535073026174,5.9124698242211124,,-6300,2000
Q12362,311.15,13,591,324.62535073026174,5.9124698242211124,,-6300,2000
Q12382,303.15,13,290,324.62535073026174,5.9124698242211124,,-6300,2000
Q12428,308.15,13,516,324.62535073026174,5.9124698242211124,,-6300,2000
Q12452,310.15,13,347,315.7706773,3.4,317.34999999999997,-6300,2000
Q12455,308.15,13,300,330.05815211,3.4,331.54999999999995,-6300,2000
Q12458,307.15,13,312,319.99886145,3.4,320.75,-6300,2000
Q12471,309.15,13,397,324.62535073026174,5.9124698242211124,,-6300,2000
Q12494,307.15,13,1050,324.62535073026174,5.9124698242211124,,-6300,2000
Q12525,308.15,13,324,324.62535073026174,5.9124698242211124,,-6300,2000
Q12676,306.15,13,427,324.62535073026174,5.9124698242211124,,-6300,2000
Q12680,306.15,13,2145,324.62535073026174,5.9124698242211124,,-6300,2000
Q3E790,309.15,13,80,324.62535073026174,5.9124698242211124,,-6300,2000
Q99190,311.15,13,310,324.62535073026174,5.9124698242211124,,-6300,2000
Q99258,306.15,13,208,324.62535073026174,5.9124698242211124,,-6300,2000
Q99312,306.15,13,450,324.62535073026174,5.9124698242211124,,-6300,2000
Q99321,317.15,13,188,324.62535073026174,5.9124698242211124,,-6300,2000
P61829,310.15,13,76,324.62535073026174,5.9124698242211124,,-6300,2000
P00854,312.15,13,259,324.62535073026174,5.9124698242211124,,-6300,2000
P00856,312.15,13,48,324.62535073026174,5.9124698242211124,,-6300,2000
P81451,307.15,13,68,324.62535073026174,5.9124698242211124,,-6300,2000
P00401,310.15,13,534,324.62535073026174,5.9124698242211124,,-6300,2000
P00410,308.15,13,251,324.62535073026174,5.9124698242211124,,-6300,2000
P00420,311.15,13,269,324.62535073026174,5.9124698242211124,,-6300,2000
P00163,309.15,13,385,324.62535073026174,5.9124698242211124,,-6300,2000
